model,accuracy,precision,recall,f1,roc_auc,pr_auc
extra_trees,0.998649577104409,0.9988518587475951,0.9993790555434816,0.9991153875999069,0.999763458971095,0.9998584141661018
random_forest,0.9984126608069369,0.9985420027298673,0.9993790555434816,0.9989603537900535,0.9998774472973392,0.9999285206956198
logistic_regression,0.9566917008220995,0.953407157567979,0.9917103915054798,0.97218164110056,0.9881895991803532,0.996243983812463
